epoch,time,train/box_loss,train/cls_loss,train/dfl_loss,metrics/precision(B),metrics/recall(B),metrics/mAP50(B),metrics/mAP50-95(B),val/box_loss,val/cls_loss,val/dfl_loss,lr/pg0,lr/pg1,lr/pg2
1,1.27839,1.1711,2.55082,1.64235,0.00333,1,0.34274,0.10959,0.55875,3.15929,1.44411,4e-05,4e-05,4e-05
2,2.62088,0.99539,2.52986,1.51165,0.00333,1,0.435,0.20298,0.49579,3.15696,1.38513,9.802e-05,9.802e-05,9.802e-05
3,4.42686,0.81452,2.44456,1.43835,0.00333,1,0.55222,0.3975,0.432,3.14324,1.30927,0.000153664,0.000153664,0.000153664
4,6.39467,0.8242,2.32868,1.4322,0.00333,1,0.82833,0.65413,0.40171,3.11813,1.2164,0.000206932,0.000206932,0.000206932
5,8.14934,0.87468,2.17484,1.56618,0.00333,1,0.945,0.71767,0.46599,3.11003,1.21396,0.000257824,0.000257824,0.000257824
6,9.91571,0.68482,1.91071,1.31501,0.00333,1,0.995,0.7585,0.43697,3.11662,1.19679,0.00030634,0.00030634,0.00030634
7,11.6431,0.65137,1.80826,1.24577,0.00333,1,0.995,0.76462,0.39172,3.00836,1.20449,0.00035248,0.00035248,0.00035248
8,13.2899,0.72871,1.58903,1.32274,0.00333,1,0.945,0.67901,0.43651,2.84056,1.22074,0.000396244,0.000396244,0.000396244
9,14.9531,0.59782,1.4994,1.21382,0.00333,1,0.945,0.67901,0.43651,2.84056,1.22074,0.000437632,0.000437632,0.000437632
10,16.5893,0.70336,1.55799,1.32073,0.03049,1,0.85611,0.74422,0.46038,2.76409,1.36372,0.000476644,0.000476644,0.000476644
11,18.1941,0.49796,1.1504,1.16467,0.03049,1,0.85611,0.74422,0.46038,2.76409,1.36372,0.00051328,0.00051328,0.00051328
12,19.9279,0.53435,1.26257,1.17437,0.05948,1,0.77,0.6555,0.69123,2.80289,1.55634,0.00054754,0.00054754,0.00054754
13,21.5137,0.72191,1.36921,1.36928,0.05948,1,0.77,0.6555,0.69123,2.80289,1.55634,0.000579424,0.000579424,0.000579424
14,23.1997,0.63532,1.17201,1.26523,0.01758,1,0.82536,0.54843,1.2908,3.11982,2.05675,0.000608932,0.000608932,0.000608932
15,24.9388,0.65631,1.23774,1.25422,0.01758,1,0.82536,0.54843,1.2908,3.11982,2.05675,0.000636064,0.000636064,0.000636064
16,26.6792,0.81486,1.26966,1.3261,0.01758,1,0.82536,0.54843,1.2908,3.11982,2.05675,0.00066082,0.00066082,0.00066082
17,28.2091,0.63093,1.09295,1.21949,0.77618,0.88091,0.796,0.36597,1.46422,3.00305,2.13947,0.0006832,0.0006832,0.0006832
18,29.8626,0.71207,1.23821,1.28622,0.77618,0.88091,0.796,0.36597,1.46422,3.00305,2.13947,0.000703204,0.000703204,0.000703204
19,31.3793,0.68448,1.27606,1.27599,0.77618,0.88091,0.796,0.36597,1.46422,3.00305,2.13947,0.000720832,0.000720832,0.000720832
20,32.8981,0.53852,1.11695,1.14863,0.799,0.99499,0.845,0.57967,0.99948,2.20354,1.76445,0.000736084,0.000736084,0.000736084
21,34.4641,0.73366,1.30213,1.36074,0.799,0.99499,0.845,0.57967,0.99948,2.20354,1.76445,0.00074896,0.00074896,0.00074896
22,36.0056,0.77806,1.20687,1.34955,0.799,0.99499,0.845,0.57967,0.99948,2.20354,1.76445,0.00075946,0.00075946,0.00075946
23,37.4934,0.69964,1.46071,1.37564,0.799,0.99499,0.845,0.57967,0.99948,2.20354,1.76445,0.000767584,0.000767584,0.000767584
24,39.0119,0.74069,1.13895,1.38715,0.9723,0.75,0.91167,0.63479,1.23193,1.94814,2.07367,0.000773332,0.000773332,0.000773332
25,40.5143,0.71021,1.29523,1.4822,0.9723,0.75,0.91167,0.63479,1.23193,1.94814,2.07367,0.000776704,0.000776704,0.000776704
26,42.1363,0.64495,1.0315,1.21784,0.9723,0.75,0.91167,0.63479,1.23193,1.94814,2.07367,0.0007777,0.0007777,0.0007777
27,43.709,0.58427,0.97962,1.23458,0.9723,0.75,0.91167,0.63479,1.23193,1.94814,2.07367,0.00077632,0.00077632,0.00077632
28,45.2909,0.58353,0.95924,1.22497,0.9723,0.75,0.91167,0.63479,1.23193,1.94814,2.07367,0.000772564,0.000772564,0.000772564
29,47.2446,0.60754,1.07371,1.28924,0.79266,0.96332,0.945,0.77429,0.86535,2.19032,1.8749,0.000766432,0.000766432,0.000766432
30,48.7441,0.56876,0.97364,1.13693,0.79266,0.96332,0.945,0.77429,0.86535,2.19032,1.8749,0.000757924,0.000757924,0.000757924
31,50.2312,0.5087,0.94333,1.1058,0.79266,0.96332,0.945,0.77429,0.86535,2.19032,1.8749,0.00074704,0.00074704,0.00074704
32,51.8846,0.67511,1.03685,1.36314,0.79266,0.96332,0.945,0.77429,0.86535,2.19032,1.8749,0.00073378,0.00073378,0.00073378
33,53.4811,0.6857,1.01623,1.26305,0.79266,0.96332,0.945,0.77429,0.86535,2.19032,1.8749,0.000718144,0.000718144,0.000718144
34,55.1619,0.67617,1.11606,1.25785,0.79678,0.98392,0.945,0.74028,0.77223,2.80571,1.94218,0.0006932,0.0006932,0.0006932
35,56.6822,0.5732,0.97554,1.17546,0.79678,0.98392,0.945,0.74028,0.77223,2.80571,1.94218,0.0006536,0.0006536,0.0006536
36,58.5516,0.57857,1.04701,1.25064,0.79678,0.98392,0.945,0.74028,0.77223,2.80571,1.94218,0.000614,0.000614,0.000614
37,60.1473,0.48593,0.95487,1.12648,0.79678,0.98392,0.945,0.74028,0.77223,2.80571,1.94218,0.0005744,0.0005744,0.0005744
38,61.7551,0.66407,1.2016,1.31059,0.79678,0.98392,0.945,0.74028,0.77223,2.80571,1.94218,0.0005348,0.0005348,0.0005348
39,63.393,0.68753,1.05037,1.30931,0.79678,0.98392,0.945,0.74028,0.77223,2.80571,1.94218,0.0004952,0.0004952,0.0004952
40,65.0616,0.47822,0.98081,1.15561,0.9823,1,0.995,0.895,0.538,2.06851,1.42124,0.0004556,0.0004556,0.0004556
41,66.6529,0.60398,2.1711,1.42635,0.9823,1,0.995,0.895,0.538,2.06851,1.42124,0.000416,0.000416,0.000416
42,68.2195,0.52509,2.01103,1.29495,0.9823,1,0.995,0.895,0.538,2.06851,1.42124,0.0003764,0.0003764,0.0003764
43,69.7179,0.43337,1.81305,1.13898,0.9823,1,0.995,0.895,0.538,2.06851,1.42124,0.0003368,0.0003368,0.0003368
44,71.2595,0.39327,1.8516,1.14105,0.9823,1,0.995,0.895,0.538,2.06851,1.42124,0.0002972,0.0002972,0.0002972
45,72.9503,0.55261,1.96799,1.38169,0.97687,1,0.995,0.8705,0.54989,1.71351,1.36177,0.0002576,0.0002576,0.0002576
46,74.4426,0.46238,1.71656,1.21171,0.97687,1,0.995,0.8705,0.54989,1.71351,1.36177,0.000218,0.000218,0.000218
47,75.8737,0.51963,1.91767,1.28323,0.97687,1,0.995,0.8705,0.54989,1.71351,1.36177,0.0001784,0.0001784,0.0001784
48,77.3096,0.62301,2.22765,1.35449,0.97687,1,0.995,0.8705,0.54989,1.71351,1.36177,0.0001388,0.0001388,0.0001388
49,78.796,0.63732,2.11454,1.41346,0.97687,1,0.995,0.8705,0.54989,1.71351,1.36177,9.92e-05,9.92e-05,9.92e-05
50,80.316,0.57087,2.13186,1.40145,0.98091,1,0.995,0.8705,0.55098,1.59248,1.36104,5.96e-05,5.96e-05,5.96e-05
